source,label,sentence
sgww85,1,Kim sang and was accompanied by Sandy.
kl93,1,I want for nobody to hate me.
c_13,1,A book was sent to Louis.
ks08,0,This objection is main.
g_81,1,Different teams beat the Red Sox and were beaten by the Giants.
ks08,1,He saw the man with the stick.
bc01,1,The perception of the problem is quite thorough.
l-93,1,Margaret cut Bill's arm.
ad03,0,There was him in the garden.
sks13,1,John believes Bill to have visited Mary.
gj04,1,"He coughed awake and we were all overjoyed, especially Sierra."
r-67,1,There was a snake behind the car Fred was sitting in.
c_13,1,"If I were a rich man, I'd buy a diamond ring."
ks08,1,For John to train his horse would be desirable.
l-93,1,I detached that new handle.
sks13,1,Clean your desk before tomorrow.
ks08,1,These are the books that we have gone most thoroughly over.
bc01,1,Mary considered him to have loved her.
l-93,0,Brown equipped a camera to Jones.
c_13,1,Martha often thinks Kim hates phonology.
d_98,0,"Often, any lion is majestic."
ks08,1,The mother of the boy and the girl are arriving soon.
ad03,0,What was Euclid interested in Plato's description of?
bc01,1,Who will be offended if we don't invite which philosopher?
sks13,1,Did Sue not pass her exam?
ad03,0,Constant reading Shakespeare satisfied me
bc01,1,The fence straddles the sidewalk.
g_81,0,Which city and which conference did Bill go to to?
ad03,1,Anson very happily demonized David.
l-93,1,Ida hunted for deer in the woods.
ad03,1,The Emperor's every wish was immediately carried out.
rhl07,1,Fred kicked the ball under the porch.
c_13,1,John paid a dollar for a head of lettuce.
ks08,1,little information was provided.
b_82,0,That he was hungry was whined by John.
ks08,1,Cohen proved the independence of the continuum hypothesis.
g_81,0,Talkative and a bully entered.
ks08,0,I wonder what city that Romans destroyed.
ad03,1,"I will eat a mango, and Gillian will too."
ks08,1,The person whom they intended to speak with agreed to reimburse us.
l-93,1,Linda taped the label and the cover together.
g_81,1,Which city and which conference did Bill go to?
d_98,1,Pick any flower.
r-67,0,I can't remember the name of somebody who had any misgivings.
bc01,1,"While Bob read Fred, he didn't Dickens."
c_13,1,Christina is ready to leave.
gj04,1,Bill broke the bathtub.
m_02,1,To whom did John send a book?
ks08,0,The men doctors of medicine.
m_02,0,"Because never had Sir Thomas been so offended, even Mr Yates left."
l-93,1,Jennifer baked the potatoes in the oven.
c_13,1,Calvin has dated every girl who Jeff has.
bc01,1,Mary considers John a fool and Bill a wimp.
ad03,1,"When dining with evil crocodiles, it is advisable to wear armour."
bc01,1,Which pictures of him did Earl see?
sks13,1,The girl he met at the departmental party will very surely call him.
r-67,1,They gave the reports which he had brought with him to me.
r-67,1,I believed that the sun is out.
l-93,1,Water poured onto the plants.
ad03,0,There were killed three men by the assassin.
ks08,1,"You should leave, shouldn't you?"
l-93,1,Ellen warned Helen about the traffic jam.
sks13,1,John and Mary will play with Henry and with Sue.
ad03,1,Burn letters to Peter!
cj99,1,"When Bill smokes, all the more does Susan hate him."
d_98,1,John knew any language that we encountered on our trip.
ad03,1,I have often eaten muffins.
sks13,1,John loved the new pictures of himself.
r-67,0,Would for him to have played the piano have surprised you?
ad03,1,The old house collapsed.
ks08,1,The hotel where Gloria stays is being remodelled.
sgww85,0,"Pat wanted to go to Berne, and Chris going to Rome."
ks08,1,The president could not approve the bill.
ks08,1,The critique of Plato's Republic was written from a contemporary point of view.
bc01,1,Give the bottle to the baby full.
sks13,0,Mary noticed John's excessive appreciation of herself.
ks08,0,I hope to can study in France.
ad03,1,Medea might have given Jason a poisoned robe (just treat a poisoned robe as an NP
bc01,1,A boy did not laugh.
sks13,0,John studies carefully Russian.
b_73,1,"I'm as much of a man as you are, my dear."
ks08,0,I met her who grows peaches.
c_13,1,The tuna had been being eaten.
g_81,1,Who do you think that you saw?
ks08,1,The child is impossible to teach.
cj99,0,"The harder it rains, how much faster that do you run?"
r-67,0,I loaned my binoculars a man who was watching the race.
l-93,0,Brenda met.
m_02,1,Harriet couldn't marry Mr Knightley but Emma could.
kl93,0,Even Sue said anything.
bc01,1,"Mary claimed that eat cabbage, Holly wants to."
l-93,0,Heather cabled the news at Sara.
ks08,1,John deposited some money in the checking account on Friday and Mary did the same thing.
ks08,1,Why haven't any books been returned?
cj99,1,"The more people that you give beer to, the more people get sick."
c_13,0,My red is refrigerator.
ad03,1,Anson tried to shave himself.
l-93,0,Paul exhaled at Mary.
bc01,0,Mary runs often the marathon.
l-93,0,The Romans destroyed the city into ruins.
ad03,1,The flying car hit the tree in the air
rhl07,1,Anne is curious as to why her father sent her a telegram to America to return home at once.
r-67,1,The teacher who the reporters expected that the principal would fire is a crusty old jerk.
c_13,1,Dave was given the margarita mix.
l-93,1,Carla shoveled the snow from among the bushes.
b_73,1,"I'm worrying, more than thinking."
l-93,1,I whipped the eggs into a froth.
bc01,1,Did Harry leave?
sks13,1,"They cooked, thickened the soup."
r-67,0,"Fluffy is sick, which I slapped a boy who wouldn't acknowledge."
cj99,1,"I want to explain exactly why the more you eat, the less you want."
ks08,1,It is the main street.
ks08,1,Michelle became an architect.
ks08,0,Which professor did they meet someone who knows?
l-93,0,Dorothy is needing new shoes.
d_98,1,Every student in Mary's class is working on negative polarity.
ad03,1,No one expected that Agamemnon would win.
sgww85,1,You and I may incriminate ourselves.
r-67,1,"Sally might be pregnant, and I believe that Sheila definitely is pregnant."
sks13,1,I noticed John's excessive appreciation of himself.
ks08,1,Which attorney will give the closing argument hasn't been decided.
sks13,1,Mary saw the tall man come from the back.
l-93,0,Paul yawned on Mary.
c_13,1,I wonder what John bought.
r-67,0,What I know the boy who was wearing is this hat.
c_13,1,The red volume of obscene verse from Italy shocked the puritan soul of the minister with the beard quite thoroughly yesterday.
l-93,1,Sharon flinched.
sks13,1,I will eat spaghetti on Sunday with Marco.
ks08,1,To protect him is not an easy task.
b_73,0,She is as brilliant the woman as her mother.
ad03,1,We need some technician to help us.
l-93,1,Paula hit the sticks together.
m_02,1,Only to the best students would he give this book.
m_02,1,The baby is heavy.
ks08,1,Which chemical did you mix the hydrogen peroxide and?
bc01,0,John is impressed by Bill as pompous.
ks08,1,John is easy to please.
ks08,1,Whether this is feasible hasn't yet been determined.
c_13,1,The soft bread cuts easily.
b_73,1,Jane has more nearly as many too many than Mary.
sks13,1,John was wondering whether to leave.
ks08,0,It was in the park last night that the policeman met several young students.
d_98,1,Everybody who attended last week's huge rally signed the petition.
ad03,1,Aphrodite said he freed the animals and free the animals he did
l-93,1,The jeweller copied the name on the ring.
l-93,1,Alison pierced the cloth with a needle.
ad03,1,People like lard.
c_13,1,The army's destruction of the palace was a tragedy.
ks08,1,Mary persuaded John to fix the computer.
r-67,1,I promised that he would be there tomorrow.
ad03,1,Gilgamesh might not have been reading the cuneiform tablets.
b_73,1,We made enough puddings to last for days.
bc01,0,There is strangers in that garden.
ks08,0,I don't know that to agree with him or not.
sks13,0,Our rabbit and the neighbor's cat like them.
r-67,1,Which bed did Tom sleep on?
l-93,1,The glass cut Rachel's toe.
b_73,1,Caviar is eaten by Jack more than mush.
m_02,1,Sir Walter Elliott imagined the scene.
sgww85,1,We Americans and the British pamper ourselves.
sks13,1,each of the girls likes herself.
c_13,1,Many soldiers have claimed bottled water satisfies thirst best.
l-93,1,Carol carved the tree's branch.
r-67,0,"If it, I've lost $500."
r-67,1,They are investigating all people owning parakeets.
ks08,1,Visiting relatives can be boring.
bc01,1,The moral destruction of the president was certainly not helpful.
l-93,1,Paula swatted at the fly.
r-67,0,She did with her father away.
c_13,1,We went through the woods and over the bridge.
ks08,1,They'd leave soon.
c_13,1,I think John likes his beer.
ks08,1,What the gentleman seemed to be asking is how policy would have differed.
bc01,1,Everyone attended some seminar.
bc01,1,The kettle bubbled water.
ks08,1,The problem is easy to solve.
ks08,1,What did you put in your box?
b_73,1,John wants to come up with as good a solution as Christine did.
c_13,1,Heidi hit herself on the head with a zucchini.
b_73,1,So eminent a scholar as Dr. Lucille Hein was here.
bc01,0,We proved conclusively Smith to be the thief.
rhl07,0,Smith threw the first base the ball.
l-93,0,I funneled into the bottle.
c_13,0,It is reluctant that Jean left.
sks13,1,They like their books.
ks08,1,Have you been to Seoul?
bc01,1,John does not like Mary.
bc01,0,How do you wonder whether John said Mary solved the problem?
m_02,1,Chew the biscuit!
ks08,1,John deposited some money in the bank.
r-67,1,"Tom washed the car, and Dick waxed the car."
ks08,1,Tom intends for Sam to review that book.
sgww85,1,Either Dana or Lee is going to lead the parade.
ks08,0,We hope the availability of such a vaccine in ten years.
sks13,1,That's the truth.
bc01,1,"If Ron knows whether to wear a tuxedo, and Caspar knows whether not to, do they know different things?"
l-93,1,Nora pushed her way through the crowd.
d_98,0,Mary talked to any man or any woman.
ks08,0,Is putting the book in the box.
ad03,1,Gilgamesh has not been reading the cuneiform tablets
r-67,1,"Mickey and Roger have signed, and Whitey will tomorrow."
l-93,1,My family always summers at the seashore.
r-67,1,"The dumplings which Sasha is gobbling down faster than I can reheat the meatballs are extremely tasty, if I do say so."
kl93,1,Any lawyer could tell you that.
bc01,1,"José is eating cabbage, and Holly is too."
r-67,0,This rock is too heavy for me to begin to decide about helping Bob to try to pick up.
ad03,1,Computer viruses increased in virulence last year.
ad03,0,Aphrodite do freed animals.
bc01,0,John write books.
sks13,1,John had carefully studied Russian.
d_98,0,Mary didn't see almost every flower.
l-93,1,Sasha lingered in the museum.
ad03,1,Aphrodite quickly freed the animals
l-93,0,Cynthia devoured at the pizza .
c_13,1,The medal was given to the soldier by Phillip.
r-67,1,John had an error in the proof he presented.
m_02,1,What did the wealthy young man buy for his secret fiancée?
gj04,1,John danced waltzes across the room.
d_98,0,There's anything Mary had asked for in this store.
ad03,0,Gilgamesh failed often biology
r-67,1,Do you know the boy whom Mary saw?
ks08,1,What I've always tended to do is to do my own stretches at home.
r-67,1,Willy is taller than Bill by as much as Joe is taller than the Dan.
c_13,1,the book of poems with a red cover and with a blue spine takes a very long time to read.
l-93,0,Carmen obtained Mary a spare part.
sks13,0,What Mary gave was a book to John.
m_02,1,Captain Wentworth recovered the property for Mrs Smith.
bc01,1,Some branches broke off of the tree.
ks08,1,It is easy to please John.
r-67,1,"This guitar, I've sung folk songs and accompanied myself on it all my life."
ad03,1,The dragons had all eaten the pigs.
gj04,1,The weights kept the rope stretched over the pulley.
r-67,1,The socks are ready for you to go about beginning to put them on.
bc01,0,The lions ate at the meat raw.
l-93,1,Linda winked.
l-93,1,Paula spanked the naughty child's back.
ks08,1,If John can speak French fluently – which we all know he can – we will have no problems.
ad03,0,You said she liked yourself
ad03,1,Julie and Jenny arrived first
ad03,1,I have been flying helicopters for years.
c_13,1,Yeltsin saw Stalin holding the bag.
ks08,1,He told me how many employees Karen introduced to the visitors.
m_02,1,Nurse Rooke has discovered where Anne Elliott stayed.
ks08,0,Tom denied which book he had been reading.
bc01,1,the enemy's destruction of the city was horrific.
ad03,1,You kicked yourself
ad03,1,The sheep cry
m_02,0,"When never had Sir Thomas been so offended, Mr Yates left."
bc01,1,work out an analysis that is typical of this view of understood subjects.
c_13,1,Have you always hated peanut butter?
ks08,1,He is afraid of foxes.
sks13,1,all the students left.
l-93,1,This window just opens itself.
d_98,1,John talked to any woman who came up to him except Sue.
ks08,0,John sounded happily.
cj99,1,"The more that pictures of himself appear in the news, the more embarrassed John becomes."
ks08,1,The tall man kicked the ball.
l-93,1,Crystal vases break easily.
l-93,1,Tony broke the crystal vase.
ks08,0,Beth tried for Bill to ask a question.
b_82,0,"Because she's so pleasant, Mary I really like her."
ad03,1,He replied that he was happy.
bc01,1,The stone knocked the pole into the road.
ks08,0,The letter got written by a poet.
ad03,1,Cassandra has warned Agamemnon again.
bc01,1,Rub the cloth on the baby torn.
bc01,0,Bill poorly recited his lines.
m_02,1,Near Strasbourg my brother lives.
bc01,1,The ball lies in the box.
r-67,1,"After ten had left, seven more soldiers came in."
ad03,1,I often have eaten muffins.
r-67,0,"The more contented we pretended to be better fed and, the more angry we grew at the doctors."
c_13,1,The apple was bitten.
d_98,0,Mary picked any of the flowers.
ks08,1,Edward usually remembered to send a copy of his e-mail to himself.
g_81,1,He was talkative and a bully.
ad03,0,The bear sniff
sks13,0,I prefer for the girl to wins.
rhl07,1,I shipped the package halfway around the world.
l-93,0,There lodged an old woman at Mrs. Parker's.
ks08,1,Kim has wondered in which room Gary stayed.
ks08,0,Seems John to fix the computer.
b_82,1,I considered Fred crazy.
r-67,1,Who knew Mickey would overthrow home plate by that much?
ks08,0,John is eager to examine.
sks13,1,No spy betrayed himself.
ks08,1,He might have left.
ks08,0,Everything was paid twice for.
r-67,1,The raise which Scrooge generously gave Tom's father increased his yearly salary by five cents.
m_02,1,Captain Oates died in order to save his comrades.
ks08,1,I got phoned by a woman friend.
r-67,0,I spoke to about the war yesterday that guy who's always following us.
ks08,1,The termites destroyed the sand castle.
r-67,0,"If my father, he comes home late, my mother always grills him."
bc01,0,"The candidate was dogged by charges of infidelity, or at least trying to."
sks13,0,There seems to run many people to the station.
ks08,1,He bought a refrigerator in which to put the beer.
l-93,1,The crown sparkled with jewels.
ad03,1,Julie felt a twinge in her arm
r-67,0,Bill left when I believe the claim that the bomb had just exploded.
ad03,1,That Plato loved Aster was obvious.
cj99,1,"Any senator seems to become more corrupt, as he talks to more lobbyists."
m_02,1,It's high time Fiona got a job.
ks08,0,The UN blamed global warming on humans on natural causes.
r-67,0,One plan of which I got wind was calculated to keep us in suspense.
l-93,1,$5 will buy a ticket.
sks13,1,Mary should buy some flowers on Sunday.
ks08,1,The fact that scientists have now established all the genes in the human body is still not widely known.
bc01,0,"Sally explained the attempt to arrest Holly, but only after I had denied the decision to."
ks08,1,Tom seems eager to catch a cold.
bc01,1,We have someone in the living room.
ad03,1,I asked Anson if he was happy
bc01,1,He can't have been working.
bc01,0,"Mary was told to bring something to the party, so she asked Sue what to."
ad03,1,The pig grunts
ks08,0,Two drops sanitize anything in your house.
ks08,0,John not could leave the town.
r-67,1,A review of this article came out yesterday.
ks08,0,It was several young students in that the policeman met the park last night.
m_02,1,Jane visits Emma.
ks08,0,John met in the park a student.
r-67,0,The Ferrari which Pietro bought from me and Sofia adores him cost him a bundle.
c_13,1,Bill had an accident.
ks08,1,John couldn't leave the party.
ad03,1,All the dragons have been slain.
cj99,0,"It is important the more you eat, the more careful for you to be."
kl93,1,At most three teachers assigned homework.
m_02,1,"Mrs Bennet having taken the others upstairs, Mr Bingley proposed to."
c_13,1,Susanne gave the minivan to George.
c_13,1,Sylvia is slapping Jeff upside the head in martial arts class.
l-93,1,The oil separated from the vinegar.
ad03,1,Aphrodite misses Gilgamesh.
sks13,1,"Only Churchill remembered himself giving the Blood, Sweat and."
ad03,1,The old pigs love truffles
ad03,1,The Paris I used to know is no more
bc01,1,Some professor admires every student.
l-93,1,I detached that new handle from the box.
ad03,1,No one expected to win.
gj04,1,Bill squeezed himself through the hole.
b_73,1,He's enough of a fool to try it.
l-93,1,Tessa sprained her ankle.
r-67,0,"The more contented the nurses began to believe that we were going to pretend to be, the more angry we grew at the doctors."
c_13,1,"John could bake something, but I'm not sure what."
m_02,1,These cars sold very quickly last week.
ks08,0,What did you meet someone who understands?
bc01,1,Our love them.
m_02,1,With which club did you hit the winning putt?
ks08,0,Sam may be had been interrogating by the FBI.
ad03,1,Everyone claimed that the poison was neutralized.
r-67,0,Mary and kissed an old friend who comes from Miami.
l-93,1,Bill sent a package London.
gj04,1,The gardener watered the flowers flat.
b_73,1,You and I are as much alike as a horse and a cow.
c_13,1,That Dan smokes in the office really bothers Alina.
b_82,1,He continued writing poems.
r-67,1,To my friends Mike talked about politics yesterday.
cj99,1,He ate so much that he got sick.
ks08,1,He is proud of his son's passing the bar exam.
bc01,0,Dry the baby with the cloth torn.
c_13,1,The boy ran.
l-93,1,The truck rumbled into the driveway.
ks08,0,I am anxious for you should study English grammar hard.
m_02,1,Susan wanted Jane to study German.
l-93,0,Those new bricks constructed a house.
ks08,1,One of major factors affecting the value of diamonds was their weight.
kl93,1,Generics allow exceptions.
d_98,1,A soldier should be prepared to die for her country.
m_02,1,Fanny had just stopped talking when in came Aunt Norris.
ad03,1,I wanted Jimmy for to come with me.
l-93,1,Jessica squirted water at me.
r-67,1,Sasha is gobbling down dumplings faster than I can reheat them.
l-93,1,Marlene dressed the baby.
ks08,0,John made Mary to cook Korean food.
l-93,1,The eggs and the cream mixed together.
ks08,0,The contract is subject for approval by my committee.
ks08,0,They want to wrote to her.
ks08,1,John makes efforts for himself to be honest.
ks08,0,There sang a man with a pipe.
m_02,1,Flora cooks.
sks13,0,"Girl in the red coat, this girl in the red coat will put a picture of Bill on your desk before tomorrow."
ks08,1,The cat seems to be out of the bag.
r-67,0,Reports on the covers of which the government prescribes the height of the lettering almost always put me to sleep.
m_02,1,The cottage which Mrs Dashwood accepted was rather small.
ks08,1,"Yesterday, the child really kicked a monkey in the street."
ks08,1,Tom hid the manuscript in the cupboard.
ks08,1,Stephen believed Ben to be careful.
l-93,1,Don swatted the mosquito with the newspaper.
sks13,1,to hurt his friends is stupid.
ks08,1,"The tall, handsome man kicked the ball."
ks08,1,Five pounds is a lot of money.
sks13,0,We think if Bill left.
ks08,1,The squirrel ran right up the tree.
b_82,0,It proves that John is the murderer that he has blood on his hands.
c_13,1,Jean wants Robert.
l-93,1,That whole wheat flour bakes wonderful bread.
r-67,0,How have you picked up TNT carelessly?
m_02,1,Both Jane and Elizabeth were at home.
l-93,1,Martha carved a piece of wood into a toy for the baby.
l-93,1,The witch turned him from a prince into a frog.
bc01,1,John hit the stone against the wall.
ad03,1,Anson is incredibly difficult to please.
ad03,1,He will can go
r-67,0,I know a man who John is as tall as is.
bc01,1,down the hill rolled John.
l-93,0,This hammer won't break.
l-93,1,I presented a solution yesterday.
g_81,0,John is easy to please and to love Mary.
d_98,1,John made a fool of himself in front of everyone who was there.
c_13,1,Calvin has dated every girl who Jeff has dated.
c_13,1,I told Daniel that the exam was cancelled.
b_73,1,I'm more sad than angry.
rhl07,1,"`` Doing my taxes '' gives a headache to 22 percent of Americans surveyed for Pfizer, which makes tylenol pain relief medicine."
r-67,0,Dean drank more booze than Frank ate Wheaties and Sammy drank.
c_13,1,Susan ate yesterday at the restaurant.
sks13,1,I liked Mary.
sks13,1,John convinced Bill to visit Mary.
sks13,0,John convinced it to be raining.
sgww85,0,Who did you say my talking to would bother Hilary?
sks13,1,Bill will put a picture of this girl in the red coat on your desk before tomorrow.
l-93,1,The letter established his innocence.
r-67,1,They dismissed as too costly the proposal for the State to build a sidewalk from Dartmouth to Smith.
cj99,0,"This is the problem that you'll beat the competition more easily, the sooner you solve."
m_02,1,The Minister has arrived.
bc01,0,The box contained the ball to the ground.
ks08,1,Tokyo has not loosened trade restrictions.
bc01,1,Mary jumped the horse over the last fence perfectly.
ad03,0,He kicked herself
sks13,1,John saw Mary.
g_81,1,I have wanted to know exactly what happened to Rosa Luxemburg for many years.
c_13,1,I asked for him to eat the asparagus.
ad03,1,We made the claim that Perseus killed the Gorgon.
ks08,1,This noise cannot be put up with.
m_02,1,The cottage which Mrs Dashwood accepted was very small.
l-93,1,The clown amused the children with his antics.
ad03,0,What I said that was we would go.
cj99,0,"They failed to tell me which problem I'll beat the competition more easily, the sooner I solve."
sks13,1,There are several people sick.
cj99,1,"Any senator seems to become more corrupt, if he talks to more lobbyists."
r-67,0,"The money which I am discussing Sarah's claim that the company squandered amounts to $400,000."
c_13,0,I loved the policeman the baker intensely with all my heart.
b_73,0,We ate enough the puddings to satisfy us.
d_98,1,Every woman standing under that tree is Mary's friend.
ad03,0,Who seemed that had poisoned Jason?
c_13,1,I hit the ball.
ks08,0,The senators be certain that the president is telling a lie.
sgww85,1,John sang beautifully.
c_13,1,I gave a birthday present to my brother.
ad03,1,Ron expected the sack.
r-67,1,The socks are ready for you to announce that you will put them on.
ks08,1,He coaxed his brother to give him the candy.
r-67,0,"That they spoke to the janitor about that robbery yesterday is terrible, the cops."
l-93,1,A solution immediately presented itself to him.
b_73,1,What her mother wants her to be is such a fine surgeon that everyone will respect her.
bc01,0,The cat that the dog that the rat bit chased died.
cj99,1,Who did you give pictures of to friends of?
ks08,0,To delay the march and to go ahead with it has been argued by different people at different times.
bc01,0,Bill proud of himself John doesn't consider.
m_02,1,Anne astonished her father.
ad03,1,Who did Gilgamesh believe to have kissed Aphrodite?
rhl07,1,I sent the salesman to the devil.
bc01,0,The fact that no candidate was elected shows that he was inadequate.
rhl07,0,Felicia sent the box out of the storeroom.
ad03,1,She has kissed her.
l-93,0,Cheryl stood the shelf with the books.
r-67,1,Advantage will be taken of his offer.
bc01,1,Who do you think Mary said John likes?
r-67,1,"The money which I will make a proposal that we squander amounts to $400,000."
r-67,1,"The dumplings which Sasha is gobbling down faster than I can reheat them are extremely tasty, if I do say so."
l-93,1,The mouse nibbled on the cheese.
l-93,0,The toast buttered.
ks08,1,In which box did he put the book?
ks08,1,Students study English for 4 hours a day.
sgww85,1,John didn't give the books to Mary and the papers to Sue.
kl93,1,Almost any lawyer could answer that question.
l-93,1,The horse wouldn't budge.
cj99,0,"The later it gets, the more people everyone who likes pays attention to."
bc01,1,Our love they.
sgww85,1,Who did you say my talking to would bother?
m_02,0,The cottage which did Mrs Dashwood accept was rather small.
ks08,1,to leave so soon would be inconvenience.
r-67,0,"Handsome though that Dick will be is likely, I'm still going to marry Herman."
ks08,1,You better not drink.
r-67,0,"That piano, which the boy's playing loudly drove everyone crazy, was badly out of tune."
ks08,0,The students looked the high stairs up from the floor.
ad03,0,"Who had Poseidon run away, before the executioner murdered?"
ks08,1,Peter will decide which book we should review.
ks08,0,John offers little suggestion.
sks13,0,I emptied it with butter.
l-93,1,Carla was shoveling.
m_02,1,This large parcel is very heavy and so is this small packet.
l-93,1,Bill dried the clothes with a hair dryer.
b_73,1,Sally eats caviar too much for her own good.
ks08,1,They look generally on John as selfish.
l-93,1,Mira blamed the accident on Terry.
ks08,0,Who did Herb believe the claim that cheated?
sks13,1,"They play unusual music, and I listen to unusual music."
ad03,0,That monkeys is eating the banana.
ks08,1,There is only one chemical substance involved in nerve transmission.
sks13,0,The snake clever disappeared into a hole in the ground.
ad03,1,A description of Aristotle is in the book.
l-93,1,Anne met with Cathy.
sks13,0,Is not Bill sick?
l-93,0,Linda taped the label and the cover.
r-67,0,And Toni danced Bartlett.
ad03,1,Harry collapsed.
ks08,0,The politician denied how the opponent was poisoned.
r-67,1,She asked a man who was near the window whether it looked like rain.
bc01,1,What John could do is not visit Sally.
r-67,0,It is this hat that that he was wearing is certain.
ks08,0,The umpire fell the deck off.
r-67,1,"Tom ordered bacon, and Dick ordered lettuce, and I think that Harry ordered tomatoes."
ks08,1,It would be inconvenience to leave so soon.
c_13,1,I am drinking lemonade and eating a brownie.
l-93,1,We peered through the screen.
m_02,1,I like the book that you gave me.
l-93,1,Tony broke her arm.
r-67,0,Maxwell isn't half the doctor that that he would be if he studied is certain.
m_02,1,Jane is visiting Emma.
r-67,1,It is not certain that you'll marry any student.
l-93,0,Runaway cats spot easily.
l-93,1,Brian wiped the fingerprints from outside the cupboard.
b_73,0,She has enough problem as it is.
l-93,1,A ship appeared.
sks13,0,the boy likes herself.
ad03,1,Peter was at the party
l-93,1,Ellen warned Helen that melons were selling.
g_81,0,Who do you regret saw you?
ad03,1,The pigs grunt
g_81,0,The talkative and a bully man entered.
ks08,1,John hasn't been singing a song.
r-67,1,That you will marry any particular student is not certain.
ks08,1,John died last night.
ks08,1,The video which you recommended was really terrific.
ad03,1,"There's going to be a party, isn't there?"
r-67,0,Reports of the lettering on the covers of which the government prescribes the height are shocking waste of public funds.
m_02,1,Barbara handed the intriguing results of the latest examination to Alan on Tuesday.
ks08,1,"Because John persuaded Sally to, he didn't have to talk to the reporters."
ks08,1,The paper provides many clues.
c_13,1,Rory eats muffins.
bc01,1,Mary reported John to have loved her.
l-93,1,David constructed the house.
ks08,1,They stayed in the hotel.
sks13,1,John was carefully studying Russian.
bc01,1,The snake saw into the nest.
c_13,1,Shannon left quietly every day.
sks13,0,It is of physics.
l-93,1,The swindler cheated Pat of her fortune.
sks13,1,Bill's mother saw him.
ad03,1,Dracula thought himself to be the Prince of Darkness.
d_98,1,John put any carrot from his garden in the salad.
l-93,1,That chisel carves well.
l-93,0,Tamara poured the bowl with water.
ks08,1,I am anxious that you should arrive on time.
bc01,0,John is being discussed and Sally is being too.
sks13,0,What Mary donated was a lot of money to NPR.
c_13,1,Syntax frightens Kenny.
cj99,1,"The more Fred is obnoxious, the less you should pay attention to him."
bc01,1,I showed every boy a planet.
ks08,1,The umpire fell off it.
ad03,0,The weather rained
sgww85,1,I've got to try and find that screw.
ks08,1,I assume the matter to have been filed in the appropriate records.
rhl07,1,Felicia threw the ball out the window.
ad03,1,Aphrodite did free animals
r-67,0,That the sun is out was obvious.
ks08,1,Tom locked Fido in the garage.
l-93,0,Linda winked her nose.
b_82,0,1 put the book after the party on the table.
ks08,0,It was to finish the homework that John tried.
r-67,1,I want to go.
l-93,1,Ellen said to Helen that melons were selling well.
l-93,1,The chisel carved the marble.
sks13,1,John thinks Mary left.
c_13,1,Robin will eat cabbage but she won't ice cream.
m_02,1,This parcel is very heavy.
c_13,1,John and the man went to the store.
l-93,1,I separated the yolk from the white.
ks08,0,John offers few advice.
c_13,1,George wrote a volume of poems in Latin for Jane.
c_13,1,"I know which guys you've dated, but I don't know which guys you haven't."
ks08,1,We called the senators who met Fred.
ks08,1,They believe the cat to be out of the bag.
bc01,1,What does John think Mary bought?
m_02,0,The person who never had he been so offended was Sir Thomas.
ks08,1,May she live forever!
rhl07,1,Alex read the newspaper in an hour.
cj99,0,"The more obnoxious Fred, the less attention you should pay to him."
kl93,0,I'm sure we got any tickets!
c_13,1,Bill kissed himself.
bc01,1,"José asks that we go to the meeting, and Sally will tell us when."
m_02,1,The tigers hunt prey at night.
cj99,1,"Keep your mouth shut tighter, the more John eats, OK?"
ad03,1,I thought of the moon
ks08,0,John suddenly got the bus off.
l-93,1,In the aquarium there swam a striped fish.
ks08,1,The committee was unanimous in their decision.
ks08,0,The authorities charged the students of the cheating.
l-93,1,Ellen told a story.
kl93,0,Almost an owl hunts mice.
ks08,0,The foxes seem compatible for the chickens.
c_13,1,I am frightened of tigers and fond of clowns without exception.
ks08,1,The room contains few armchairs.
c_13,1,The man loved peanut butter cookies.
l-93,1,The middle class will gain from the new tax laws.
ad03,1,"Ron's likely to be on the Web, isn't he?"
r-67,1,Tom says that it's going to rain but I don't believe it.
ks08,0,"You didn't leave, left you?"
l-93,1,I confused Maria and Anna.
l-93,1,The lax supervision was taken advantage of.
ad03,1,Gilgamesh fears death and Achilles does as well
b_73,1,I am more angry today than I was yesterday.
c_13,1,I ate the sugar.
l-93,0,The magician vanished a rabbit into thin air.
l-93,1,That dog bites.
c_13,1,Clyde got a passionate love letter from Stacy.
l-93,0,On the line there are drying a lot of clothes.
c_13,0,Some man has ever beaten the centaur.
ks08,1,The student knows the answers.
ks08,1,I wonder who it was you saw.
bc01,0,The room was left angry.
l-93,0,That new handle detaches from the box easily.
m_02,1,The other plan she rejected out of hand.
bc01,0,The stone knocked the pole into the road.
c_13,1,Susan bought some flowers for her birthday.
c_13,1,John fears dogs.
bc01,1,Mary managed to go abroad.
ks08,0,Kim must will bake a cake.
ad03,1,Which goddess helped us?
sks13,1,I praised Mary.
ad03,0,Aphrodite wanted to live and Ishtar tried to do
bc01,1,You might not believe me but you will Bob.
c_13,0,placed the flute on the table.
ks08,1,They want to leave the meeting.
c_13,0,John thinks that left.
ks08,1,Someone tried to leave the town.
r-67,0,"They can't stand each other, they."
c_13,0,I must can eat plums.
l-93,1,Brenda and Molly chatted.
ks08,1,The executive committee approved the new policy.
kl93,1,And then all the owls go on a mice hunt.
l-93,0,The press conjectured Smith the appointee.
bc01,1,The farm passed to John.
r-67,0,The time bomb had a snake behind the car which it was sitting in.
l-93,1,To win the prize :would thrill me.
c_13,0,John loves him.
ad03,1,Jason persuaded Medea that she should desert her family
l-93,0,In price soared oil.
bc01,1,John did not write books.
ad03,0,I would like to might do it
ks08,1,It was the director that she said she wants to meet.
rhl07,1,Nixon's behavior gave an idea for a book to every journalist living in New York.
ks08,1,A man came into the room that no one knew.
l-93,1,I presented a solution to the problem yesterday.
bc01,0,"My uncle didn't buy anything for Christmas, but my aunt did it for him and it was bright red."
g_81,1,The woman believed that the man who was here was ill.
l-93,0,He turned from a prince.
m_02,1,People go hunting in the Autumn.
l-93,1,The explorers cut their way through the jungle.
l-93,1,Tabs were kept on the suspect.
ks08,1,Joe warned the class that the exam would be difficult.
ad03,1,The horse galloped
ks08,1,John suddenly got off the bus.
c_13,0,John placed the flute.
ad03,0,I intoned fruit
m_02,1,These documents Elizabeth is checking at this very moment.
bc01,1,I expect John to win and Harry to lose.
r-67,1,The pudding which the man who ordered ice cream said would be tasty was a horror show.
l-93,0,Carla poured the pitcher with lemonade.
ks08,1,Doing syntax is not easy.
l-93,1,I lifted the books from the floor to the table.
ad03,1,What Alison and David did was soak their feet in a bucket
bc01,1,John shot the ball perfectly.
ad03,1,There are many fish in the sea.
rhl07,0,Fred gave the ball over Molly.
bc01,1,They were believed all to be quite diligent.
c_13,0,What did you eat some popcorn and drink?
l-93,1,The employees staffed the store.
sks13,1,John likes himself.
sks13,1,I wonder whether Mary has worked for Microsoft.
ad03,1,It's under the bed that's the best place to hide
r-67,1,I just saw that girl who Long John's claim that he was a Martian made all the headlines.
bc01,1,John wagered there to have been a stranger in that haunted house.
c_13,1,Bill gave Sue the book.
c_13,0,"The man, who I think might be drunk, that is escaping hit me."
ad03,1,The shooting of the hunters was very loud.
kl93,1,"Given my high opinion on his moral character, I was surprised that he stole the watch."
r-67,1,Which packages is it possible that Sam didn't pick up which are to be mailed tomorrow?
l-93,1,Ellen talked with Helen about the problem.
rhl07,1,Nixon's behavior gave an idea for a book to every journalist living in New York City in the 1970s.
l-93,1,Carol carved the marble with a chisel.
ks08,1,I made it my objective to settle the matter.
ks08,0,Seoul was slept in by the businessman last night.
ad03,0,"Danced extremely, Anson frantically at Trade"
r-67,1,The hot potato which there were several hundred people yelling for me to put down gently turned out to have been filled with TNT.
ks08,1,"They can do it, can't they?"
bc01,1,He could not have been working.
m_02,1,Jim was happily chopping logs.
ks08,1,John has sung a song and Mary has too.
sks13,1,Will the tourists go to the park?
d_98,0,John saw anything.
l-93,1,Nora brought the book from horne.
c_13,1,Jean wants him.
bc01,0,The window broke from hail stones.
ks08,0,What was that the Vikings ate a real surprise to you?
ks08,0,John expect to must leave.
ks08,1,Many people were dying of thirst.
r-67,1,The shock touched the explosion off.
l-93,0,The bicycle gave to me.
ks08,1,"John might go home, so might Bill."
r-67,1,"I'll talk to John on Friday about the report that the shooting of the prisoners shocked me, and to his wife on Saturday."
l-93,1,A cat jumped on the table.
gj04,1,Ron yawned himself awake.
rhl07,1,Leigh threw the ball to Lane.
b_82,1,"As for Max, I really like him."
cj99,0,"I demand that John pays more, the more he eat."
ad03,1,That monkey is eating the banana.
bc01,0,John perfectly learned French immediately.
c_13,1,My favorite language is a language with simple morphology and complicated syntax.
l-93,0,Jean moved at the table.
ad03,1,Kane ate dirt.
m_02,1,What this parcel is is very heavy.
l-93,1,Teresa bottle fed the baby.
sks13,0,It was some beer or it took place some beer.
r-67,0,I brought John a razor to shave myself with.
ks08,1,It was last night that the policeman met several young students in the park.
l-93,1,The secretary transcribed the speech into the record.
ks08,0,the my dog is a terrier.
m_02,0,The Ethel was sitting at her desk.
ad03,1,The therapist analysed Lucy
l-93,1,The men mined the gold.
ad03,0,"Who had Poseidon run away, because the executioner murdered?"
r-67,0,Bill didn't confirm that Roger had eaten anything.
r-67,0,Only the travelers who anybody has ever robbed don't carry machetes.
bc01,0,"Mary claimed that have eaten cabbage, Holly should."
l-93,1,$5 will buy you a ticket.
r-67,1,The piano which I disliked the boy's playing loudly was badly out of tune.
c_13,1,Heidi thinks that Andy has eaten salmon flavored candy bars.
l-93,1,The gardener grew an oak tree from that acorn.
l-93,1,In the church sang a choir.
bc01,1,He I often sees Mary.
ks08,1,Many of the people were dying of thirst.
ks08,1,John can be dancing.
r-67,0,I insist on seeing through all the students who had started out the term in my class.
bc01,1,John believes Sally to be polite.
r-67,1,I went to the store to buy some whisky.
l-93,1,Ellen talked.
ks08,1,This is why he came early.
ks08,0,Among the guests were sitting my friend Louise.
c_13,1,We drove all the way to Buenos Aires.
ks08,1,Pavarotti relied on Loren and Bond on Hepburn.
ad03,0,The pig grunt
ad03,1,Keep yourself clean!
b_73,1,Hilda is such a scholar as you were speaking of just now.
l-93,1,The rope coiled around the post.
bc01,0,Runs Mary the marathon?
d_98,0,John talked to any powerful politician.
c_13,0,John thinks that Mary's depiction of himself is wrong.
r-67,0,I will ask you to believe that he tried to force me to give her any money.
l-93,1,Cynthia gobbled the pizza .
b_73,1,John is taller than Pete is.
ad03,1,How quickly did the Greeks take Troy?
m_02,1,Vera is knitting in the lounge.
ad03,0,Which temple did Athena contemplate the reason that her devotees had built?
l-93,1,An oak tree will grow from that acorn.
m_02,1,The garden is certain to be planted with roses by the gardener.
bc01,1,John learned a lesson.
r-67,1,"Sally might be pregnant, and everyone believes Sheila definitely is pregnant."
c_13,0,Was been hit by Bill by the baseball.
d_98,1,Those days Bill offered Mary everything he cooked.
sgww85,1,"John talked to his supervisor about his thesis, and Erich to the dean about department politics."
l-93,0,I put the book from Edna to Sally.
l-93,0,She always clad herself in black.
g_81,1,John gave the books to Mary and the records to Sue.
d_98,0,Paul has interviewed any student who was at the scene of the crime and Kate has interviewed them too.
ks08,1,They wondered what she did yesterday.
sks13,1,John heard their criticism of themselves.
b_73,1,Mary swam five more laps than Joan swam.
ad03,1,Willow said that she'd kiss Tara and kick Xander.
b_73,1,He's something of a gossip.
ks08,1,You washed yourself.
bc01,1,The dog went crazy.
l-93,1,Donna fixed me a sandwich.
b_82,0,"Handsome though I believe the claim that Tom is, I still won't date him."
r-67,1,Tomorrow I promised chat he would be there.
c_13,1,Dust fell on the bed.
r-67,0,"It started to rain after Jackie and me, we had finally gotten to our seats."
ad03,1,I am to eat macaroni.
ks08,1,Are you going on holiday before or after Easter? I prefer after Easter.
cj99,1,So much did you eat that everyone gasped.
g_81,0,Who did you arrange for to come?
l-93,0,I hunted for game in the woods.
ad03,1,Gilgamesh has not read the cuneiform tablets.
r-67,0,He tries to put on everyone who he doesn't like.
ks08,0,Tagalog is speak in the Philippines.
r-67,1,I have some papers to grade.
m_02,1,Enthusiastic golfers with large handicaps can be good company.
b_73,1,Sally eats the stuff pretty often.
sks13,1,He took his umbrella.
g_81,1,I had hoped that it was true that Rosa Luxemburg had actually defected to Iceland for many years.
sks13,1,"Then, John left."
r-67,1,"Fluffy is sick, which it is certain that no one here realizes."
ad03,1,Pigs love truffles.
r-67,1,The boy who Mary loves hates her.
ad03,1,The poem that Homer wrote.
ks08,1,John met a student in the park.
r-67,0,"They said that Tom would pay up, and pay up that he did is well-known."
ad03,1,Gilgamesh should seek Ishtar
l-93,1,Over the fort fluttered a large flag.
bc01,1,Sally will stand near every woman that you will.
ks08,1,John tried to make Sam let George ask Bill to keep delivering the mail.
sks13,0,Henri told Sue in the drawer that Bill put socks.
b_73,1,It was so awful a picture that I tore it up.
ks08,1,John is tough to please.
ks08,1,John stayed behind the counter.
c_13,1,I never have a pen when I need it.
kl93,0,Absolutely an owl hunts mice.
l-93,1,David constructed a house out of.
ad03,1,It was obvious that Plato loved Aster obvious.
l-93,1,There stood on the comer a statue of Jefferson.
bc01,0,We love they.
ad03,0,Who was that Plato loved obvious?
l-93,1,Belinda walked the soles off her shoes.
ks08,0,Tagalog is speaks in the Philippines.
ks08,1,A book was handed to Chris by Pat.
l-93,1,Martha carves.
ks08,1,A big green insect flew into the soup.
ks08,0,John gave a present to the student and Mary did the same thing to the teacher.
b_73,0,Sally is such a fool as people think.
ks08,1,This bed was surely slept in by a huge guy last night.
ks08,1,John sent her to Seoul.
ad03,1,All the dragons had escaped.
bc01,0,The problem's knowledge is quite thorough.
ad03,0,"Who would Poseidon run away, if the executioner murdered?"
c_13,1,Andy promised to go.
rhl07,1,"Ann copied the manuscript, but she didn't finish it."
ad03,1,Anson danced extremely frantically at Trade.
ad03,0,Who did you believe that to kiss seemed wrong?
gj04,1,They made him into a monster.
cj99,0,"The harder it rains, how much faster a flow that do you see in the river?"
bc01,1,They told Sue who to talk to and Virginia when to leave.
bc01,0,Fruit hit the roof against the ground.
ad03,1,We believed him to be omnipotent
l-93,0,The jeweller decorated the name on the ring.
r-67,1,Bill left when everyone will believe that the police have forced me to confess that I shot Sandra.
c_13,1,Calvin will not eat the beef waffles.
l-93,1,The trees sang with birds.
ks08,1,Would you mind taking out the garbage?
l-93,0,The line is drying with a lot of clothes.
r-67,1,It is this hat that it is certain that he was wearing.
cj99,0,"He seems to become more corrupt, as any senator talks to more lobbyists."
sks13,1,John believes that Bill saw him.
d_98,1,We have many graduate students but this year the graduate director met with every student in the graduate program individually to discuss their progress.
l-93,0,The captain named the ship as Seafarer.
m_02,1,Lucy sent Jane a letter.
b_73,1,Many are called; few are chosen.
ks08,0,"Kim wanted to go and Sandy wanted, too."
ad03,0,Jason knew those Medea had cast the spell
m_02,0,Ayala went to the ball and Jonathan Stubbs chatted to.
ad03,1,"He'll no can do it, can he?"
r-67,0,To whom is she trying to make up now?
ad03,0,Moya played football with her
ks08,0,Everyone rumored that he was on his way out.
sgww85,1,They asked which students and which teachers would get along together.
c_13,1,The Joneses think themselves the best family on the block.
r-67,1,Which packages which are to be mailed tomorrow is it possible that Sam didn't pick up until it had stopped raining?
r-67,0,Willy is taller than Bill is strong and.
l-93,1,The Romans destroyed the city.
bc01,1,"While Truman didn't tell me a story, he did Rusty."
m_02,1,Jim was chopping logs when Margaret left and was still at it when she got back.
c_13,0,She knocked himself on the head with a zucchini.
c_13,1,Dana doubts that Drew believes I think Rosie loves magazine ads.
r-67,1,Bill made a gift to me of $40.
bc01,1,"Mary claimed that eating cabbage, Holly's not."
bc01,0,"While Rusty might leave in order to please Mag, he won't his father."
cj99,1,"You should always lock your door, no matter how fancy the hotel."
r-67,1,That gangsters had bribed him was denied by the sheriff.
r-67,1,It is this hat that I believe that he was wearing.
c_13,1,The news pleased the students.
r-67,0,Willy is taller than Bill by as much as I know a boy who thinks that Bill is taller than Dan.
cj99,1,The more examples Mary says that Bill has helped Fred to discover the less I believe her.
ks08,0,Sharon has been eager finishing the book.
l-93,1,Racial inequality engenders conflict.
l-93,1,Martha carved some wood into a toy for the baby.
ks08,1,They spoil their kids rotten.
l-93,1,The presentation of a plaque was a proud moment.
bc01,0,Spray the wall with all the paint.
b_82,1,"After John comes home, will Sally take a shower?"
ad03,1,I was sitting not under the tree but under the bush
bc01,1,I consider there to be a man in that garden.
sks13,0,I had a realization of there.
ks08,1,John told us which book we should review.
c_13,1,Zeke cooked and ate the chili.
ad03,1,I ate that.
rhl07,1,"I threw the ball to Mary, but she was looking at the birds flying overhead and didn't even notice."
bc01,0,The men were promised to leave.
m_02,1,The pupils in this maths class gave cakes to Margaret every.
l-93,0,We rummaged important documents in the drawer.
sks13,1,Whether she will win is a question Mary never considered.
ad03,1,What all did you get for Christmas?
ks08,0,You should attempt answering every question.
cj99,0,The more people I ask what he will give to the more he reads.
l-93,1,They shopped their way around New York.
b_73,1,I'm as much sad as angry.
m_02,0,"When Dr Jones died of apoplexy didn't he, Mary Crawford went to live with his wife."
c_13,1,I asked where you found it.
r-67,1,Bill alleged that Roger has eaten the cake.
l-93,0,Amanda drove at the package.
m_02,1,Fanny was delighted by the idea that she could subscribe to a library.
g_81,0,I know a man who Bill saw and liked Mary.
sks13,1,It was a first edition of Richard III that Ann bought for $1000.
ks08,1,Students sent letters to the teacher.
l-93,1,June covered the baby with a blanket.
bc01,0,John was cost $10 by the book.
rhl07,0,The old dog died halfway.
ks08,1,He washed us.
l-93,1,Cheryl stood the books on the shelf.
sks13,1,I cycled around France.
r-67,0,Who does Phineas know a girl behind?
ad03,1,I haven't left yet
cj99,1,The more carefully he words the letter the safer he'll be.
ks08,1,The committee hasn't yet made up its mind.
r-67,0,My brother and few Americans meet in Vienna.
ks08,1,Pat is likely to be examined by the dentist.
sks13,0,Mary really appreciates and constantly praises himself and Bill knows it.
bc01,1,Bill works with him.
m_02,1,She said that in came Aunt Norris.
l-93,0,This list includes my name on itself.
ad03,1,He is that kind of actor
m_02,1,Can't you see I'm reading?
ks08,1,She thought it was easy for everyone to fit into the car.
ks08,1,John felt proud that his son won the game.
r-67,0,I know a man who hates myself.
l-93,1,Wanda taught the students.
sks13,1,I gave money.
sks13,0,Mary should buy some flowers some bread.
r-67,1,Did his having played the piano surprise you?
sks13,1,Bill's mother's friends are waiting at the restaurant.
sks13,1,It was in the barn or it took place in the barn.
ks08,0,Harry says that Sally dislikes himself.
bc01,1,They represented Mary to the dean as a genuine linguist.
l-93,1,Bill sent Tom a package.
gj04,0,They caused him to become president by making him.
cj99,0,"The more that John gets upset by them, the more that stories about himself seem to show up in the news."
b_73,1,I have as many too many marbles as you.
bc01,1,Mickey pointed out that Gary had left.
ks08,0,"He had hardly collected the papers on his desk, hadn't he?"
sgww85,0,Kim gave a dollar to Bobbie and a dime into his pocket.
bc01,1,I heard that Mary hired someone.
l-93,0,Rose accompanied.
r-67,1,It bothers me for her to wear that old fedora.
c_13,0,Louis begged Kate that she leave her job.
ks08,1,"Kim has danced, and Sandy has, too."
ad03,1,Those pigs love truffles
rhl07,1,Nixon's behavior gave Mailer an idea for a book.
r-67,0,"What dl,d John fall asleep and Bill wear?"
ks08,1,Experts all agree that dreams cause great anxiety and stress are called nightmares.
c_13,1,He has not eaten yet today.
sks13,1,Several people are sick.
b_73,0,Mary has more friends that two.
ad03,1,It snowed
r-67,1,I went to the store and Nike bought some whisky.
bc01,0,The men were arrested all.
ks08,1,John left very early.
c_13,1,the assassination of the president.
d_98,1,John talked to everybody who came up to him at the party.
ks08,0,Lee went to the store and crazy.
r-67,1,John is taller than Bill by that much.
d_98,0,Any lion is rare.
c_13,1,The tuna had been eaten.
c_13,1,Every book that Megan did Brandon read too.
ks08,1,What's actually happening in London at the moment is immensely exciting.
ad03,0,We kicked myself
ks08,1,The kid picked up the apple that fell down on the ground.
r-67,1,I can't remember the name of anybody who had any misgivings.
r-67,1,Fred tore the curtain in rolling up the wallpaper.
ks08,1,Have the kids arrived safely?
ad03,1,Who did you attempt to force Jason to kill?
ks08,1,His friend learned dancing.
l-93,1,Penny rowed across the lake.
c_13,1,Jeff must have eaten the deep fried muffin.
bc01,1,"I could find no solution, but Holly might."
ad03,1,The men chuckle
bc01,0,Mary believed he to have loved her.
r-67,1,"Tom ordered bacon, and Dick lettuce, and Harry tomatoes."
ks08,1,There may exist a man in the park.
l-93,0,The package carried.
ks08,0,On whom does Dana believe Chris knows Sandy trusts?
bc01,1,How do you think that Mary solved the problem?
r-67,1,"Fluffy is sick, which I believe that few people realize."
ks08,1,I wondered who it was you saw.
bc01,1,Mary plays the violin beautifully.
ad03,1,Anson demonized David at the club.
l-93,0,Kelly reeked the onions.
bc01,1,Which room did John see the man in?
ks08,0,You are not fitted by the coat.
cj99,1,"How much harder has it rained, when you see a faster flow in the river?"
l-93,0,Jennifer craned.
m_02,0,Fanny regretted being talking to Mary.
sks13,1,This girl in the red coat will put a picture of Bill on your desk before tomorrow.
ks08,1,All native speakers have a grammatical competence which can generate an infinite set of grammatical sentences from a finite set of resources.
